Timestamp,Duration (min),Pre Mood,Post Mood
2026-03-25T07:30:00,15,calm,focused
2026-03-26T08:00:00,20,happy,calm
2026-03-27T09:00:00,10,neutral,calm
2026-03-28T07:45:00,25,focused,energized
2026-03-29T08:15:00,12,anxious,calm
2026-03-30T07:30:00,18,stressed,relaxed
2026-03-31T08:00:00,22,calm,calm
2026-04-01T09:15:00,15,neutral,happy
2026-04-02T07:30:00,30,focused,focused
2026-04-03T08:00:00,12,calm,calm
2026-04-04T07:45:00,20,happy,energized
2026-04-05T08:15:00,18,anxious,calm
2026-04-06T07:30:00,25,calm,focused
2026-04-07T08:00:00,15,neutral,calm
2026-04-08T09:00:00,20,focused,energized
2026-04-09T07:45:00,10,stressed,calm
2026-04-10T08:15:00,22,calm,calm
2026-04-11T07:30:00,18,happy,relaxed
2026-04-12T08:00:00,25,calm,focused
2026-04-13T09:15:00,15,neutral,calm
2026-04-04T07:30:00,16,calm,focused
2026-04-04T12:00:00,12,happy,calm
2026-04-04T18:30:00,20,focused,energized
2025-01-10T07:20:00,12,calm,calm
2025-02-14T08:10:00,18,happy,focused
2025-03-05T09:00:00,20,neutral,relaxed
2025-04-22T07:45:00,15,focused,energized
2025-05-30T08:30:00,25,anxious,calm
2025-06-18T07:50:00,10,stressed,calm
2025-07-12T08:05:00,22,calm,focused
2025-08-25T09:30:00,16,happy,relaxed
2025-09-09T07:40:00,14,neutral,calm
2025-10-21T08:20:00,20,focused,energized
